segment_index,segment_id,target_id,speaker,start_sec,end_sec,duration_sec,parakeet_exact_status,parakeet_exact_text,parakeet_silence2_status,parakeet_silence2_text,texts_match,exact_chars,silence2_chars,char_diff
,032_ybs_13584061_20260712053000_seg_00000,032_ybs_13584061_20260712053000,SPEAKER_00,15.699999,24.619999,8.92,success,皆さんは私嶋悦子にお付き合いくださいねいやもうすぐ夏休みですね夏に行きたい。,success,こんばんは私島津悦子にお付き合いくださいねいやもうすぐ夏休みですね夏に行きたい。,False,38,40,2
,032_ybs_13584061_20260712053000_seg_00001,032_ybs_13584061_20260712053000,SPEAKER_00,26.739999,27.979999,1.24,success,プロならここがいいアイドル。,success,人ならここがいいアイデア。,False,14,13,-1
,032_ybs_13584061_20260712053000_seg_00002,032_ybs_13584061_20260712053000,SPEAKER_00,29.619999,30.859999,1.24,success,本当ねあの。,success,ちょうどねあの。,False,6,8,2
,032_ybs_13584061_20260712053000_seg_00003,032_ybs_13584061_20260712053000,SPEAKER_00,36.819999,38.539997,1.72,success,てらっしゃる、もうあと夏休み。,success,てらっしゃるもうあと夏休み。,False,15,14,-1
,032_ybs_13584061_20260712053000_seg_00004,032_ybs_13584061_20260712053000,SPEAKER_00,39.699998,42.859997,3.16,success,ばかりっていう方も多いと思うんですけれども、最近は。,success,ばかりっていう方も多いと思うんですけれども最近は。,False,26,25,-1
,032_ybs_13584061_20260712053000_seg_00005,032_ybs_13584061_20260712053000,SPEAKER_00,44.02,46.699997,2.68,success,ことば、よく使いますよね、なんか安い。,success,言葉よく使いますよね。,False,19,11,-8
,032_ybs_13584061_20260712053000_seg_00006,032_ybs_13584061_20260712053000,SPEAKER_00,48.34,61.579998,13.24,success,短い、安近丹っていうらしいんですけれどもね、今、海外に行かれる方も多いんですかね、どうなんでしょうか、なんかいろいろ値上がりしてるからね、ちょっと心配ですよね、なんかお金がかかる。,success,い、短い、安近短っていうらしいんですけれどもね、今、海外行かれる方も多いんですかね、どうなんでしょうか、なんかいろいろ値上がりしてるからね、ちょっと心配ですよね、なんかお金がかかる。,False,90,91,1
,032_ybs_13584061_20260712053000_seg_00007,032_ybs_13584061_20260712053000,SPEAKER_00,64.179998,67.340002,3.16,success,自分が行きたい場所といいますとね、もう。,success,自分が行きたい場所といいますとねもう。,False,20,19,-1
,032_ybs_13584061_20260712053000_seg_00008,032_ybs_13584061_20260712053000,SPEAKER_00,70.0,70.700003,0.7,success,ってこう思う。,success,ってこう思うの。,False,7,8,1
,032_ybs_13584061_20260712053000_seg_00009,032_ybs_13584061_20260712053000,SPEAKER_00,73.300001,81.12,7.82,success,だけど、北海道も30度超えって、もう最近、結構そういうところもありますしね、もうえーい、もうこうなったら暑いところ!ってね。,success,だけど、北海道も30度超えって最近、結構そういうところもありますしねえい、こうなったら暑いとこ!ってね。,False,62,52,-10
,032_ybs_13584061_20260712053000_seg_00010,032_ybs_13584061_20260712053000,SPEAKER_00,82.48,83.180003,0.7,success,セブイ!,success,セブイ!,True,4,4,0
,032_ybs_13584061_20260712053000_seg_00011,032_ybs_13584061_20260712053000,SPEAKER_00,87.700002,89.9,2.2,success,ではあるんですがなかなか行けない。,success,ではあるんですがなかなか行けない。,True,17,17,0
,032_ybs_13584061_20260712053000_seg_00012,032_ybs_13584061_20260712053000,SPEAKER_00,96.340002,97.100001,0.76,success,罪があってないよね。,success,罪があってないよね。,True,10,10,0
,032_ybs_13584061_20260712053000_seg_00013,032_ybs_13584061_20260712053000,SPEAKER_00,98.740003,99.500002,0.76,success,皆様はぜひ。,success,皆様おあぜひ。,False,6,7,1
,032_ybs_13584061_20260712053000_seg_00014,032_ybs_13584061_20260712053000,SPEAKER_00,105.460001,107.180003,1.72,success,好きっていう方もいらっしゃいますので。,success,好きって方もいらっしゃいますので。,False,19,17,-2
,032_ybs_13584061_20260712053000_seg_00015,032_ybs_13584061_20260712053000,SPEAKER_00,110.8,114.38,3.58,success,今週もですね先週に引き続きましてすてきな方。,success,今週もですね先週に引き続きまして素敵な歌唱。,False,22,22,0
,032_ybs_13584061_20260712053000_seg_00016,032_ybs_13584061_20260712053000,SPEAKER_00,117.52,118.22,0.7,success,先日。,success,先日。,True,3,3,0
,032_ybs_13584061_20260712053000_seg_00017,032_ybs_13584061_20260712053000,SPEAKER_00,124.180002,125.42,1.24,success,いやもう本当に。,success,いやもうほんとに。,False,8,9,1
,032_ybs_13584061_20260712053000_seg_00018,032_ybs_13584061_20260712053000,SPEAKER_00,126.58,127.339999,0.76,success,なあ大先輩。,success,大先輩!,False,6,4,-2
,032_ybs_13584061_20260712053000_seg_00019,032_ybs_13584061_20260712053000,SPEAKER_00,128.979997,131.179991,2.2,success,大川栄策さんにお越しいただいております。,success,大川栄策さんにお越し頂いております。,False,20,18,-2
,032_ybs_13584061_20260712053000_seg_00020,032_ybs_13584061_20260712053000,SPEAKER_00,136.24,137.419997,1.18,success,私島津悦子と。,success,私島津悦子。,False,7,6,-1
,032_ybs_13584061_20260712053000_seg_00021,032_ybs_13584061_20260712053000,SPEAKER_00,142.96,149.419997,6.46,success,会いたくても二度と会えない人への思いがつづられております。,success,ardです会いたくても二度と会えない人への思いがつづられております。,False,29,34,5
,032_ybs_13584061_20260712053000_seg_00022,032_ybs_13584061_20260712053000,SPEAKER_00,356.96,358.700003,1.74,success,やって。,success,ゆっくり。,False,4,5,1
,032_ybs_13584061_20260712053000_seg_00023,032_ybs_13584061_20260712053000,SPEAKER_00,389.68,392.780005,3.1,success,獅子舞節子で決算9でお送りいたしました。,success,獅子舞節子で決算9でお送りいたしました。,True,20,20,0
,032_ybs_13584061_20260712053000_seg_00024,032_ybs_13584061_20260712053000,SPEAKER_00,413.139993,423.2,10.06,success,このあなたと1800秒お待たせいたしました先週に引き続きまして大川栄策さんにお越しいただいております。,success,このあなたと1800秒お待たせいたしました先週に引き続きまして大川栄策さんにお越しいただいております。,True,51,51,0
,032_ybs_13584061_20260712053000_seg_00025,032_ybs_13584061_20260712053000,SPEAKER_01,423.44,425.36,1.92,success,よろしくお願いします。,success,どうぞよろしくお願いします大川栄策です。,False,11,20,9
,032_ybs_13584061_20260712053000_seg_00026,032_ybs_13584061_20260712053000,SPEAKER_00,425.68,426.48,0.8,success,先週お話ししました。,success,先週お話ししました。,True,10,10,0
,032_ybs_13584061_20260712053000_seg_00027,032_ybs_13584061_20260712053000,SPEAKER_00,430.0,432.32,2.32,success,そして111枚目の。,success,はいそして111枚目の。,False,10,12,2
,032_ybs_13584061_20260712053000_seg_00028,032_ybs_13584061_20260712053000,SPEAKER_00,432.56,433.099997,0.54,success,新婚。,success,新聞。,False,3,3,0
,032_ybs_13584061_20260712053000_seg_00029,032_ybs_13584061_20260712053000,SPEAKER_00,436.72,437.420004,0.7,success,本当、しんみりと。,success,本当しんみりと。,False,9,8,-1
,032_ybs_13584061_20260712053000_seg_00030,032_ybs_13584061_20260712053000,SPEAKER_00,440.56,443.2,2.64,success,lineをずっとこう、もう叫びでもそうなんですけど。,success,lineをずっとこう、もう叫びでもそうなんですけど。,True,26,26,0
,032_ybs_13584061_20260712053000_seg_00031,032_ybs_13584061_20260712053000,SPEAKER_00,446.739999,447.92,1.18,success,さんというお名前で。,success,さんというお名前で。,True,10,10,0
,032_ybs_13584061_20260712053000_seg_00032,032_ybs_13584061_20260712053000,SPEAKER_00,450.16,452.88,2.72,success,どういうふうにして作曲をされてるんですか?,success,どういうふうにして作曲をされてるんですか?,True,21,21,0
,032_ybs_13584061_20260712053000_seg_00033,032_ybs_13584061_20260712053000,SPEAKER_01,452.96,453.739996,0.78,success,基本的にはもう。,success,基本的にはもう。,True,8,8,0
,032_ybs_13584061_20260712053000_seg_00034,032_ybs_13584061_20260712053000,SPEAKER_01,456.96,458.539999,1.58,success,基本的には使用。,success,まあ基本的には塩ですね。,False,8,12,4
,032_ybs_13584061_20260712053000_seg_00035,032_ybs_13584061_20260712053000,SPEAKER_01,463.2,463.819998,0.62,success,そうですね。,success,そうですね。,True,6,6,0
,032_ybs_13584061_20260712053000_seg_00036,032_ybs_13584061_20260712053000,SPEAKER_01,474.579996,476.300009,1.72,success,パソコンつないで。,success,あのパソコンつないで。,False,9,11,2
,032_ybs_13584061_20260712053000_seg_00037,032_ybs_13584061_20260712053000,SPEAKER_00,478.96,479.659995,0.7,success,その時には。,success,その時に私は。,False,6,7,1
,032_ybs_13584061_20260712053000_seg_00038,032_ybs_13584061_20260712053000,SPEAKER_00,480.88,482.0,1.12,success,タブレットもやったことなくて。,success,タブレットもやったことなくて。,True,15,15,0
,032_ybs_13584061_20260712053000_seg_00039,032_ybs_13584061_20260712053000,SPEAKER_00,482.72,485.2,2.48,success,えー!って、もう別世界の話のように。,success,ええっ!?ってもう別世界の話のように。,False,18,19,1
,032_ybs_13584061_20260712053000_seg_00040,032_ybs_13584061_20260712053000,SPEAKER_00,485.84,489.260001,3.42,success,減ってたんですけれどそれでなんか娘さんも一緒に。,success,やってたんですけれどそれで何か娘さんも一緒に。,False,24,23,-1
,032_ybs_13584061_20260712053000_seg_00041,032_ybs_13584061_20260712053000,SPEAKER_00,490.48,491.36,0.88,success,楽しんでるっていう。,success,こう楽しんでるっていう。,False,10,12,2
,032_ybs_13584061_20260712053000_seg_00042,032_ybs_13584061_20260712053000,SPEAKER_01,497.12,499.6,2.48,success,オーケストラ入って、ホルン吹いてます。,success,オーケストラ入ってホルン吹いてます。,False,19,18,-1
,032_ybs_13584061_20260712053000_seg_00043,032_ybs_13584061_20260712053000,SPEAKER_00,499.6,500.4,0.8,success,あっそうです。,success,あっそうや。,False,7,6,-1
,032_ybs_13584061_20260712053000_seg_00044,032_ybs_13584061_20260712053000,SPEAKER_00,500.96,501.84,0.88,success,大学生?,success,大学生?,True,4,4,0
,032_ybs_13584061_20260712053000_seg_00045,032_ybs_13584061_20260712053000,SPEAKER_01,501.84,503.04,1.2,success,もう卒業したんです。,success,もう卒業したんだ。,False,10,9,-1
,032_ybs_13584061_20260712053000_seg_00046,032_ybs_13584061_20260712053000,SPEAKER_00,504.48,505.92,1.44,success,まだお子さんだったっていう。,success,まだお子さんだったって言われた。,False,14,16,2
,032_ybs_13584061_20260712053000_seg_00047,032_ybs_13584061_20260712053000,SPEAKER_00,506.24,506.96,0.72,success,超聞いてた。,success,チョキングパン。,False,6,8,2
,032_ybs_13584061_20260712053000_seg_00048,032_ybs_13584061_20260712053000,SPEAKER_00,508.180002,511.76,3.58,success,子どもさんで、いいですね、仲いいですねなんてお話したことあるんです。,success,子どもさんでいいですね仲いいですねなんてお話ししたことあるんです。,False,34,33,-1
,032_ybs_13584061_20260712053000_seg_00049,032_ybs_13584061_20260712053000,SPEAKER_00,515.04,518.539954,3.5,success,同じ音楽を楽しむっていう家族で楽しむっていうのは。,success,同じ音楽を楽しむっていう家族で楽しむっていうのは。,True,25,25,0
,032_ybs_13584061_20260712053000_seg_00050,032_ybs_13584061_20260712053000,SPEAKER_01,520.72,522.859961,2.14,success,そうですねでも。,success,そうですねでもうちの。,False,8,11,3
,032_ybs_13584061_20260712053000_seg_00051,032_ybs_13584061_20260712053000,SPEAKER_01,525.939966,532.0,6.06,success,いやいや、結構ね、履歴が残るから、いっぱい訳の分かんないようなタイトルもね、歌ってるみたいですけど。,success,いやいや結構ね履歴が残るからいっぱい訳の分かんないようなタイトルもね歌ってるみたいですけど。,False,50,46,-4
,032_ybs_13584061_20260712053000_seg_00052,032_ybs_13584061_20260712053000,SPEAKER_01,532.24,533.419958,1.18,success,一度も聞いたことない。,success,一度も聞いたことない。,True,11,11,0
,032_ybs_13584061_20260712053000_seg_00053,032_ybs_13584061_20260712053000,SPEAKER_01,535.36,536.779974,1.42,success,娘はね、娘のこと。,success,娘はね娘のこと。,False,9,8,-1
,032_ybs_13584061_20260712053000_seg_00054,032_ybs_13584061_20260712053000,SPEAKER_00,539.379968,542.16,2.78,success,ちょっとお父さんに歌を聴かれるの恥ずかしいのかな。,success,ちょっとお父さんに歌を聴かれるの恥ずかしいのかな?,False,25,25,0
,032_ybs_13584061_20260712053000_seg_00055,032_ybs_13584061_20260712053000,SPEAKER_01,542.24,543.12,0.88,success,チェなんですね。,success,チェンナスね。,False,8,7,-1
,032_ybs_13584061_20260712053000_seg_00056,032_ybs_13584061_20260712053000,SPEAKER_00,543.28,545.28,2.0,success,プロで、お父さん、プロだからっていうみたいな。,success,プロでお父さんプロだからって言いたいな。,False,23,20,-3
,032_ybs_13584061_20260712053000_seg_00057,032_ybs_13584061_20260712053000,SPEAKER_01,545.28,546.37998,1.1,success,それはあるかもよ。,success,うんそれもあるかも。,False,9,10,1
,032_ybs_13584061_20260712053000_seg_00058,032_ybs_13584061_20260712053000,SPEAKER_00,549.28,551.92,2.64,success,はいあっちなみにですけど。,success,はいあっちなみにですけど。,True,13,13,0
,032_ybs_13584061_20260712053000_seg_00059,032_ybs_13584061_20260712053000,SPEAKER_00,552.24,553.6,1.36,success,このさけみれんをさっき。,success,この避け未練をさっき。,False,12,11,-1
,032_ybs_13584061_20260712053000_seg_00060,032_ybs_13584061_20260712053000,SPEAKER_00,554.8,556.4,1.6,success,絵の時間で作られたんですか?,success,誰の時間で作られたんですか?,False,14,14,0
,032_ybs_13584061_20260712053000_seg_00061,032_ybs_13584061_20260712053000,SPEAKER_01,556.4,556.939978,0.54,success,割と僕は速い。,success,割と僕は早い。,False,7,7,0
,032_ybs_13584061_20260712053000_seg_00062,032_ybs_13584061_20260712053000,SPEAKER_01,560.019983,560.779974,0.76,success,始めたらもう。,success,初めからもう。,False,7,7,0
,032_ybs_13584061_20260712053000_seg_00063,032_ybs_13584061_20260712053000,SPEAKER_01,562.419977,562.96,0.54,success,足らないです。,success,バルナイブス。,False,7,7,0
,032_ybs_13584061_20260712053000_seg_00064,032_ybs_13584061_20260712053000,SPEAKER_00,563.2,564.0,0.8,success,そうなんですね。,success,そうなんですね。,True,8,8,0
,032_ybs_13584061_20260712053000_seg_00065,032_ybs_13584061_20260712053000,SPEAKER_00,564.32,566.88,2.56,success,よく作曲家の先生のまあ。,success,あのよく作曲家の先生のまあ。,False,12,14,2
,032_ybs_13584061_20260712053000_seg_00066,032_ybs_13584061_20260712053000,SPEAKER_00,567.12,568.32,1.2,success,先生のお話なんですけど。,success,先生のお話なんですけど。,True,12,12,0
,032_ybs_13584061_20260712053000_seg_00067,032_ybs_13584061_20260712053000,SPEAKER_00,572.08,577.099951,5.02,success,曲、いい曲ができないっておっしゃってたんですけど、やっぱり視線ということはそこにあるわけですか?,success,曲いい曲ができないっておっしゃってたんですけどやっぱり視線ということはそこにあるわけですか?,False,48,46,-2
,032_ybs_13584061_20260712053000_seg_00068,032_ybs_13584061_20260712053000,SPEAKER_01,588.33996,589.099951,0.76,success,許可されました。,success,許可されました。,True,8,8,0
,032_ybs_13584061_20260712053000_seg_00069,032_ybs_13584061_20260712053000,SPEAKER_00,593.139978,594.32,1.18,success,寄せられると思うんですけど。,success,寄せられると思うんですけど。,True,14,14,0
,032_ybs_13584061_20260712053000_seg_00070,032_ybs_13584061_20260712053000,SPEAKER_00,594.72,595.76,1.04,success,だからやっぱり。,success,だからやっぱり。,True,8,8,0
,032_ybs_13584061_20260712053000_seg_00071,032_ybs_13584061_20260712053000,SPEAKER_00,598.96,599.92,0.96,success,空が湧かないとだめ。,success,空が湧かないと駄目。,False,10,10,0
,032_ybs_13584061_20260712053000_seg_00072,032_ybs_13584061_20260712053000,SPEAKER_01,601.84,602.539954,0.7,success,自分。,success,自分。,True,3,3,0
,032_ybs_13584061_20260712053000_seg_00073,032_ybs_13584061_20260712053000,SPEAKER_00,618.64,619.819983,1.18,success,もうこの叫び。,success,もうこの叫び。,True,7,7,0
,032_ybs_13584061_20260712053000_seg_00074,032_ybs_13584061_20260712053000,SPEAKER_00,622.48,628.0,5.52,success,なんだみたいな感じの素敵なお声で、またミュージックビデオも配信されました。,success,なんだみたいな感じの素敵なお声ででまたミュージックビデオも拝見して。,False,37,34,-3
,032_ybs_13584061_20260712053000_seg_00075,032_ybs_13584061_20260712053000,SPEAKER_00,631.6,632.32,0.72,success,行ってみたいな。,success,行ってみたいな。,True,8,8,0
,032_ybs_13584061_20260712053000_seg_00076,032_ybs_13584061_20260712053000,SPEAKER_00,640.179956,640.72,0.54,success,雰囲気ですよ。,success,病気ですよ。,False,7,6,-1
,032_ybs_13584061_20260712053000_seg_00077,032_ybs_13584061_20260712053000,SPEAKER_01,640.96,641.68,0.72,success,そうですね。,success,そうですね。,True,6,6,0
,032_ybs_13584061_20260712053000_seg_00078,032_ybs_13584061_20260712053000,SPEAKER_01,642.32,642.859961,0.54,success,ドラマと。,success,ドラムと。,False,5,5,0
,032_ybs_13584061_20260712053000_seg_00079,032_ybs_13584061_20260712053000,SPEAKER_01,647.379968,648.13996,0.76,success,商売もされてる。,success,商売もされてない。,False,8,9,1
,032_ybs_13584061_20260712053000_seg_00080,032_ybs_13584061_20260712053000,SPEAKER_00,652.72,655.2,2.48,success,そんなにねガチャガチャッとこう。,success,はあそんなにねガチャガチャッとこう。,False,16,18,2
,032_ybs_13584061_20260712053000_seg_00081,032_ybs_13584061_20260712053000,SPEAKER_00,657.36,661.099951,3.74,success,ビーミール飲むにはいいなみたいな雰囲気のお店って感じです。,success,ティーミール飲むにはいいなみたいな雰囲気のお店って感じですよね。,False,29,32,3
,032_ybs_13584061_20260712053000_seg_00082,032_ybs_13584061_20260712053000,SPEAKER_00,662.259973,664.939978,2.68,success,それではですね。,success,はいそれではですね。,False,8,10,2
,032_ybs_13584061_20260712053000_seg_00083,032_ybs_13584061_20260712053000,SPEAKER_00,666.16,666.859961,0.7,success,英治先生。,success,英治先生。,True,5,5,0
,032_ybs_13584061_20260712053000_seg_00084,032_ybs_13584061_20260712053000,SPEAKER_00,670.0,671.84,1.84,success,曲名はつくし竜平さん。,success,曲名は筑紫竜平さん。,False,11,10,-1
,032_ybs_13584061_20260712053000_seg_00085,032_ybs_13584061_20260712053000,SPEAKER_00,672.96,674.32,1.36,success,僕が南郷達也先生です。,success,我南郷達也先生です。,False,11,10,-1
,032_ybs_13584061_20260712053000_seg_00086,032_ybs_13584061_20260712053000,SPEAKER_00,678.08,680.779974,2.7,success,はいでは大川栄策さんで酒水。,success,はいでは大川栄策さんで酒水。,True,14,14,0
,032_ybs_13584061_20260712053000_seg_00087,032_ybs_13584061_20260712053000,SPEAKER_00,971.859949,975.76,3.9,success,栄作さんで避味練お送りいたしました。,success,栄策さんで叫み練お送りいたしました。,False,18,18,0
,032_ybs_13584061_20260712053000_seg_00088,032_ybs_13584061_20260712053000,SPEAKER_00,976.24,978.24,2.0,success,さあ次のコーナーもお着きです。,success,さあ次のコーナーもおつきあいします。,False,15,18,3
,032_ybs_13584061_20260712053000_seg_00089,032_ybs_13584061_20260712053000,SPEAKER_00,980.08,981.259955,1.18,success,ブランドはお好き?,success,ブランドはお好き?,True,9,9,0
,032_ybs_13584061_20260712053000_seg_00090,032_ybs_13584061_20260712053000,SPEAKER_00,983.859949,986.72,2.86,success,先週はイチジク。,success,紹介する先週はイチジク。,False,8,12,4
,032_ybs_13584061_20260712053000_seg_00091,032_ybs_13584061_20260712053000,SPEAKER_00,989.2,995.659949,6.46,success,福岡でのとよみつひめとイチジクをねご紹介しましたが今週は花たちばなの日。,success,福岡でのとよみつひめというイチジクをねご紹介しましたが今週は花たち噺です。,False,36,37,1
,032_ybs_13584061_20260712053000_seg_00092,032_ybs_13584061_20260712053000,SPEAKER_00,997.44,999.44,2.0,success,みかんをご紹介したいと思います。,success,みかんをご紹介したいと思いますが。,False,16,17,1
,032_ybs_13584061_20260712053000_seg_00093,032_ybs_13584061_20260712053000,SPEAKER_00,999.68,1001.36,1.68,success,みかんの産地でもあるんですよね。,success,みかんの産地でもあるんですよね。,True,16,16,0
,032_ybs_13584061_20260712053000_seg_00094,032_ybs_13584061_20260712053000,SPEAKER_00,1003.2,1010.8,7.6,success,この花たちばなみかんというのは福岡県のja福岡八女の産地ブランド品です。,success,はいこの花たちばなみかんっていうのは福岡県のja福岡八女の産地ブランド品です。,False,36,39,3
,032_ybs_13584061_20260712053000_seg_00095,032_ybs_13584061_20260712053000,SPEAKER_01,1011.52,1012.64,1.12,success,お茶で有名な。,success,ねえお茶で有名な。,False,7,9,2
,032_ybs_13584061_20260712053000_seg_00096,032_ybs_13584061_20260712053000,SPEAKER_00,1014.099939,1016.299963,2.2,success,八女茶が有名ですけれども。,success,八女茶が有名ですけれども。,True,13,13,0
,032_ybs_13584061_20260712053000_seg_00097,032_ybs_13584061_20260712053000,SPEAKER_00,1017.459955,1018.699957,1.24,success,まあブランド品ということで。,success,まあブランド品ということで。,True,14,14,0
,032_ybs_13584061_20260712053000_seg_00098,032_ybs_13584061_20260712053000,SPEAKER_00,1021.299951,1038.37998,17.08,success,などの品質基準をクリアしたものだけが名乗れるだけに農家のプライドがですね感じられる花たちばなみかんなんですが雨水などの余分な水分を抑えるための方法で管理が行われております。,success,などの品質基準をクリアしたものだけが名乗れるだけに農家のプライドがですね感じられる花たちばなみかんなんですが雨水などの余分な水分を抑えるための方法で管理が行われております。,True,86,86,0
,032_ybs_13584061_20260712053000_seg_00099,032_ybs_13584061_20260712053000,SPEAKER_00,1039.6,1040.299963,0.7,success,凝縮している。,success,凝縮している。,True,7,7,0
,032_ybs_13584061_20260712053000_seg_00100,032_ybs_13584061_20260712053000,SPEAKER_00,1041.6,1042.219946,0.62,success,薄めの?,success,薄めの?,True,4,4,0
,032_ybs_13584061_20260712053000_seg_00101,032_ybs_13584061_20260712053000,SPEAKER_00,1043.859949,1044.619971,0.76,success,綾香のオレンジ。,success,綾香のお礼。,False,8,6,-2
,032_ybs_13584061_20260712053000_seg_00102,032_ybs_13584061_20260712053000,SPEAKER_00,1052.980005,1053.739966,0.76,success,え花たち。,success,ええ花たち。,False,5,6,1
,032_ybs_13584061_20260712053000_seg_00103,032_ybs_13584061_20260712053000,SPEAKER_00,1057.299951,1060.459937,3.16,success,茶が有名ですがこちらの花たち花みかんも全国的に。,success,エチャが有名ですがこちらの花たち花みかんも全国的に。,False,24,26,2
,032_ybs_13584061_20260712053000_seg_00104,032_ybs_13584061_20260712053000,SPEAKER_00,1062.57998,1063.339941,0.76,success,輸入酒のために?,success,入試のために?,False,8,7,-1
,032_ybs_13584061_20260712053000_seg_00105,032_ybs_13584061_20260712053000,SPEAKER_00,1065.6,1066.16,0.56,success,かんの予約。,success,菅の予約。,False,6,5,-1
,032_ybs_13584061_20260712053000_seg_00106,032_ybs_13584061_20260712053000,SPEAKER_00,1066.88,1067.76,0.88,success,あまり聞かないですね。,success,あんまり聞かないですね。,False,11,12,1
,032_ybs_13584061_20260712053000_seg_00107,032_ybs_13584061_20260712053000,SPEAKER_00,1068.48,1070.539954,2.06,success,はいおおむね10月ごろから。,success,おおむね10月ごろから。,False,14,12,-2
,032_ybs_13584061_20260712053000_seg_00108,032_ybs_13584061_20260712053000,SPEAKER_00,1075.539941,1076.780005,1.24,success,がおすすめです。,success,じゃあおすすめです。,False,8,10,2
,032_ybs_13584061_20260712053000_seg_00109,032_ybs_13584061_20260712053000,SPEAKER_00,1079.379907,1081.099951,1.72,success,その返礼品として選べるのです。,success,その返礼品として選べるのです。,True,15,15,0
,032_ybs_13584061_20260712053000_seg_00110,032_ybs_13584061_20260712053000,SPEAKER_00,1083.76,1084.459937,0.7,success,ねえ。,success,へえ。,False,3,3,0
,032_ybs_13584061_20260712053000_seg_00111,032_ybs_13584061_20260712053000,SPEAKER_00,1085.619958,1086.37998,0.76,success,でも収穫時期。,success,でも収穫時期。,True,7,7,0
,032_ybs_13584061_20260712053000_seg_00112,032_ybs_13584061_20260712053000,SPEAKER_00,1103.92,1106.48,2.56,success,なんとなくおいしそうです、名前聞いただけで。,success,何となくおいしそうです名前聞いただけで。,False,22,20,-2
,032_ybs_13584061_20260712053000_seg_00113,032_ybs_13584061_20260712053000,SPEAKER_00,1107.44,1108.459937,1.02,success,私もみかん好きです。,success,私もみかん好きです。,True,10,10,0
,032_ybs_13584061_20260712053000_seg_00114,032_ybs_13584061_20260712053000,SPEAKER_00,1112.08,1123.04,10.96,success,はい今週は福岡県八女の産地ですね花たちばなみかんをご紹介しました次回はどんなブランド品が登場するかどうぞお楽しみに!,success,はい今週は福岡県八女の産地ですね花たちばなみかんをご紹介しました次回はどんなブランド品が登場するかどうぞお楽しみに!,True,58,58,0
,032_ybs_13584061_20260712053000_seg_00115,032_ybs_13584061_20260712053000,SPEAKER_00,1124.64,1133.28,8.64,success,さて、今回はですね、2週にわたって、大川栄策さんにお越しいただいてるんですけども、今後のスケジュール、先週もね、お話をさせていただいて。,success,さて今回ですね2週にわたって大川栄策さんにお越しいただいてるんですけども今後のスケジュール先週もねお話をさせて頂いたんですけど。,False,68,64,-4
,032_ybs_13584061_20260712053000_seg_00116,032_ybs_13584061_20260712053000,SPEAKER_00,1133.84,1138.24,4.4,success,第8回の大川栄策歌謡塾主催。,success,第8回の大川栄策歌謡塾主宰。,False,14,14,0
,032_ybs_13584061_20260712053000_seg_00117,032_ybs_13584061_20260712053000,SPEAKER_00,1138.72,1140.72,2.0,success,のダムカラオケ発表会。,success,のダムカラオケ発表会。,True,11,11,0
,032_ybs_13584061_20260712053000_seg_00118,032_ybs_13584061_20260712053000,SPEAKER_00,1141.28,1143.92,2.64,success,大川栄策賞が行われます。,success,大川栄策賞が行われます。,True,12,12,0
,032_ybs_13584061_20260712053000_seg_00119,032_ybs_13584061_20260712053000,SPEAKER_01,1144.0,1146.72,2.72,success,今年で第8回目になるんですけどね。,success,ねっ今年で第8回目になるんですけどね。,False,17,19,2
,032_ybs_13584061_20260712053000_seg_00120,032_ybs_13584061_20260712053000,SPEAKER_01,1147.2,1153.12,5.92,success,毎年100名ぐらいの皆さんがね参加されて2コーラス歌って頂きます。,success,毎年100名ぐらいの皆さんがね参加されて2コーラス歌って頂きます。,True,33,33,0
,032_ybs_13584061_20260712053000_seg_00121,032_ybs_13584061_20260712053000,SPEAKER_01,1154.32,1155.76,1.44,success,ダムのカラオケを使って。,success,ダムのカラオケを使って。,True,12,12,0
,032_ybs_13584061_20260712053000_seg_00122,032_ybs_13584061_20260712053000,SPEAKER_01,1156.08,1163.12,7.04,success,それこそもう北海道から九州そして離島からもね皆さん参加されましてねありがたいことにね。,success,それこそもう北海道から九州そして離島からもね皆さん参加されましてねありがたいことにねはい。,False,43,45,2
,032_ybs_13584061_20260712053000_seg_00123,032_ybs_13584061_20260712053000,SPEAKER_00,1163.12,1164.8,1.68,success,11月3日。,success,11月3日。,True,6,6,0
,032_ybs_13584061_20260712053000_seg_00124,032_ybs_13584061_20260712053000,SPEAKER_01,1164.88,1166.16,1.28,success,そうなんです、文化の日なんです。,success,そうなんです文化の日なんです。,False,16,15,-1
,032_ybs_13584061_20260712053000_seg_00125,032_ybs_13584061_20260712053000,SPEAKER_00,1166.16,1166.8,0.64,success,文化の秘密。,success,文化の日に。,False,6,6,0
,032_ybs_13584061_20260712053000_seg_00126,032_ybs_13584061_20260712053000,SPEAKER_00,1167.04,1169.28,2.24,success,古賀政男音楽博物館。,success,古賀政男音楽博物館。,True,10,10,0
,032_ybs_13584061_20260712053000_seg_00127,032_ybs_13584061_20260712053000,SPEAKER_00,1169.6,1170.48,0.88,success,キホールで。,success,キホールで。,True,6,6,0
,032_ybs_13584061_20260712053000_seg_00128,032_ybs_13584061_20260712053000,SPEAKER_00,1171.92,1173.92,2.0,success,けやきホール、いろんなイベントが行われてますけど。,success,ケヤキホールいろんなイベントが行われてますけど。,False,25,24,-1
,032_ybs_13584061_20260712053000_seg_00129,032_ybs_13584061_20260712053000,SPEAKER_00,1174.24,1176.72,2.48,success,もうきっとおなじみかもしれません、この場所はね。,success,もうきっとおなじみかもしれませんこの場所はね。,False,24,23,-1
,032_ybs_13584061_20260712053000_seg_00130,032_ybs_13584061_20260712053000,SPEAKER_00,1178.0,1180.56,2.56,success,大川栄策歌謡塾って。,success,大川栄策歌謡塾って。,True,10,10,0
,032_ybs_13584061_20260712053000_seg_00131,032_ybs_13584061_20260712053000,SPEAKER_00,1180.8,1181.76,0.96,success,だいぶ前からやって。,success,だいぶ前からやってた。,False,10,11,1
,032_ybs_13584061_20260712053000_seg_00132,032_ybs_13584061_20260712053000,SPEAKER_01,1182.64,1185.04,2.4,success,10年以上はやってます。,success,もうね10年以上はやってます。,False,12,15,3
,032_ybs_13584061_20260712053000_seg_00133,032_ybs_13584061_20260712053000,SPEAKER_00,1185.84,1186.56,0.72,success,質問されるということ?,success,質問されるということは?,False,11,12,1
,032_ybs_13584061_20260712053000_seg_00134,032_ybs_13584061_20260712053000,SPEAKER_01,1187.28,1188.72,1.44,success,うちは個人レッスンなんで。,success,うちは個人レッスンなんで。,True,13,13,0
,032_ybs_13584061_20260712053000_seg_00135,032_ybs_13584061_20260712053000,SPEAKER_00,1189.44,1191.28,1.84,success,大川さんのご自宅っていうか事務所の?,success,あの大川さんのご自宅っていうか事務所?,False,18,19,1
,032_ybs_13584061_20260712053000_seg_00136,032_ybs_13584061_20260712053000,SPEAKER_01,1191.92,1194.24,2.32,success,自宅と兼スタジオがございます。,success,自宅と兼スタジオがございまして。,False,15,16,1
,032_ybs_13584061_20260712053000_seg_00137,032_ybs_13584061_20260712053000,SPEAKER_01,1194.64,1197.12,2.48,success,ここですべて私が見させていただきます。,success,ここで全て私が見させて頂きます。,False,19,16,-3
,032_ybs_13584061_20260712053000_seg_00138,032_ybs_13584061_20260712053000,SPEAKER_00,1197.36,1199.84,2.48,success,すっごい、ぜいたくですね。,success,すっごいぜいたくですね。,False,13,12,-1
,032_ybs_13584061_20260712053000_seg_00139,032_ybs_13584061_20260712053000,SPEAKER_00,1200.24,1205.36,5.12,success,大川さんに個人レッスンして頂けるなんて1回でどのぐらいですか?,success,大川さんに個人レッスンして頂けるなんて1回でどのぐらいですか?,True,31,31,0
,032_ybs_13584061_20260712053000_seg_00140,032_ybs_13584061_20260712053000,SPEAKER_00,1206.32,1207.2,0.88,success,40分です。,success,40分です。,True,6,6,0
,032_ybs_13584061_20260712053000_seg_00141,032_ybs_13584061_20260712053000,SPEAKER_00,1207.76,1208.96,1.2,success,私30分で今言っちゃいます。,success,私30分で今言っちゃいます。,True,14,14,0
,032_ybs_13584061_20260712053000_seg_00142,032_ybs_13584061_20260712053000,SPEAKER_00,1210.88,1213.44,2.56,success,すごく皆さん、熱心に勉強されるんでしょうね。,success,すごく皆さんね熱心に勉強されるんでしょうね。,False,22,22,0
,032_ybs_13584061_20260712053000_seg_00143,032_ybs_13584061_20260712053000,SPEAKER_00,1215.52,1216.08,0.56,success,ポカラ。,success,ポコラ。,False,4,4,0
,032_ybs_13584061_20260712053000_seg_00144,032_ybs_13584061_20260712053000,SPEAKER_00,1218.4,1221.04,2.64,success,ぜひ皆様ちょっと塾にも入れるんですか?,success,これ是非皆様ちょっと塾にも入れるんですか?,False,19,21,2
,032_ybs_13584061_20260712053000_seg_00145,032_ybs_13584061_20260712053000,SPEAKER_01,1221.28,1222.16,0.88,success,全然大丈夫です。,success,全然大丈夫です。,True,8,8,0
,032_ybs_13584061_20260712053000_seg_00146,032_ybs_13584061_20260712053000,SPEAKER_00,1222.48,1223.28,0.8,success,ってことも。,success,ってことも。,True,6,6,0
,032_ybs_13584061_20260712053000_seg_00147,032_ybs_13584061_20260712053000,SPEAKER_00,1223.6,1224.48,0.88,success,このスケジュール。,success,このスケジュール。,True,9,9,0
,032_ybs_13584061_20260712053000_seg_00148,032_ybs_13584061_20260712053000,SPEAKER_00,1224.72,1225.92,1.2,success,ほかのスケジュールに関しても。,success,ほかのスケジュールに関しても。,True,15,15,0
,032_ybs_13584061_20260712053000_seg_00149,032_ybs_13584061_20260712053000,SPEAKER_01,1227.28,1230.24,2.96,success,すべて掲載しておりますんで、のぞいていただければと思います。,success,全て掲載しておりますんでのぞいていただければと思います。,False,30,28,-2
,032_ybs_13584061_20260712053000_seg_00150,032_ybs_13584061_20260712053000,SPEAKER_00,1230.24,1232.88,2.64,success,ぜひぜひ熟成になって下さい皆さん。,success,ぜひぜひ熟睡になって下さい皆さん。,False,17,17,0
,032_ybs_13584061_20260712053000_seg_00151,032_ybs_13584061_20260712053000,SPEAKER_01,1234.24,1238.48,4.24,success,カラオケのほうもね、このホームページのほうから申し込みできますんで。,success,カラオケのほうもね、このホームページのほうから申し込みできますんで。,True,34,34,0
,032_ybs_13584061_20260712053000_seg_00152,032_ybs_13584061_20260712053000,SPEAKER_00,1239.36,1240.4,1.04,success,ぜひ参加してほしいです。,success,ぜひ参加してほしいです。,True,12,12,0
,032_ybs_13584061_20260712053000_seg_00153,032_ybs_13584061_20260712053000,SPEAKER_00,1242.0,1252.24,10.24,success,ということでですね2週にわたって大川栄策さんにお話を伺ってまいりましたではですね最後にもう一曲お送りしたいと思います。,success,ということでですね2週にわたって大川栄策さんにお話を伺ってまいりましたでは最後にもう一曲お送りしたいと思います。,False,59,56,-3
,032_ybs_13584061_20260712053000_seg_00154,032_ybs_13584061_20260712053000,SPEAKER_00,1252.48,1253.52,1.04,success,カップリング客です。,success,カップリング客です。,True,10,10,0
,032_ybs_13584061_20260712053000_seg_00155,032_ybs_13584061_20260712053000,SPEAKER_00,1254.08,1257.2,3.12,success,はいじゃあ何かリスナーの皆さんに。,success,はいじゃあ何かリスナーの皆さんに。,True,17,17,0
,032_ybs_13584061_20260712053000_seg_00156,032_ybs_13584061_20260712053000,SPEAKER_00,1257.44,1258.88,1.44,success,何かお伝えしたことございますか?,success,何かお伝えしたことございますか?,True,16,16,0
,032_ybs_13584061_20260712053000_seg_00157,032_ybs_13584061_20260712053000,SPEAKER_01,1259.6,1260.13999,0.54,success,あのこう。,success,あの子。,False,5,4,-1
,032_ybs_13584061_20260712053000_seg_00158,032_ybs_13584061_20260712053000,SPEAKER_00,1280.72,1283.659949,2.94,success,それではお送りしましょう。,success,それではお送りしましょう。,True,13,13,0
,032_ybs_13584061_20260712053000_seg_00159,032_ybs_13584061_20260712053000,SPEAKER_00,1422.57998,1424.779944,2.2,success,デミ酒場お送りいたしました。,success,レミ酒場お送りいたしました。,False,14,14,0
,032_ybs_13584061_20260712053000_seg_00160,032_ybs_13584061_20260712053000,SPEAKER_00,1429.779932,1431.04,1.26,success,こんなふうに見えても緊張してるんです。,success,こんなふうに見えても緊張してるんです。,True,19,19,0
,032_ybs_13584061_20260712053000_seg_00161,032_ybs_13584061_20260712053000,SPEAKER_01,1432.64,1433.36,0.72,success,3000円。,success,善。,False,6,2,-4
,032_ybs_13584061_20260712053000_seg_00162,032_ybs_13584061_20260712053000,SPEAKER_00,1433.44,1437.04,3.6,success,またぜひ番組にお越しください。,success,フフッまたぜひ番組にお越し下さい。,False,15,17,2
,032_ybs_13584061_20260712053000_seg_00163,032_ybs_13584061_20260712053000,SPEAKER_01,1438.4,1440.64,2.24,success,また伺わさせてもらいます。,success,じゃあよろしくお願いします。,False,13,14,1
,032_ybs_13584061_20260712053000_seg_00164,032_ybs_13584061_20260712053000,SPEAKER_00,1440.72,1442.88,2.16,success,大川栄策さんでしたありがとうございました。,success,大川栄策さんでした。,False,21,10,-11
,032_ybs_13584061_20260712053000_seg_00165,032_ybs_13584061_20260712053000,SPEAKER_01,1443.36,1444.08,0.72,success,ございました。,success,ございました。,True,7,7,0
,032_ybs_13584061_20260712053000_seg_00166,032_ybs_13584061_20260712053000,SPEAKER_00,1445.28,1490.539954,45.26,success,もう一曲お送りしたいと思いますが私島津悦子の歌でですねちょっとこうお酒というか焼酎とかねそういうのをテーマにした歌があります聴いていただきたいと思います鹿児島出身ということでお願いしてお願いしてもう20年以上になりますかね吉岡治先生が詞を書いてくださって玄哲也先生が曲をつけてくださった作品なんですよ方言そして名所名物いっぱい出てきます今じゃもうね鹿児島県民歌と言ってもこれは過言ではございませんこの歌を歌って踊ってそして暑気払いにいいんじゃないかと思うんですよオススメの曲です私島悦子で焼酎天国2。,success,ではもう一曲お送りしたいと思いますが私島津悦子の歌でですねちょっとこうお酒というか焼酎とかねそういうのをテーマにした歌があります聴いていただきたいと思います鹿児島出身ということでお願いしてお願いしてもう20年以上になりますかね吉岡治先生が詞を書いてくださって玄哲也先生が曲をつけてくださった作品なんですよ方言そして名所名物いっぱい出てきます今じゃもうね鹿児島県民歌と言ってもこれは過言ではございませんこの歌を歌って踊ってそして暑気払いにいいんじゃないかと思うんですよオススメの曲です私島悦子で焼酎天国2。,False,250,252,2
,032_ybs_13584061_20260712053000_seg_00167,032_ybs_13584061_20260712053000,SPEAKER_00,1620.33999,1621.099951,0.76,success,1800秒。,success,1800秒。,True,6,6,0
,032_ybs_13584061_20260712053000_seg_00168,032_ybs_13584061_20260712053000,SPEAKER_00,1622.259912,1630.699927,8.44,success,時間が近づいてまいりました先週今週と大川栄策さんをお招きしてお話を伺いました。,success,時間が近づいてまいりました先週今週と大川栄策さんをお招きしてお話を伺いました。,True,39,39,0
,032_ybs_13584061_20260712053000_seg_00169,032_ybs_13584061_20260712053000,SPEAKER_00,1631.859949,1646.539893,14.68,success,先輩とねこう2人のきりで2人っきりでお話をさせていただくっていうのはなかなかねありそうでなかったので結構緊張した島津でした久々にねえ酒未練そして。,success,先輩とねこう2人のっきりで二人っきりでお話をさせていただくっていうのはなかなかねありそうでなかったので結構緊張した島津でした久々にねえ酒未練そして。,False,73,74,1
,032_ybs_13584061_20260712053000_seg_00170,032_ybs_13584061_20260712053000,SPEAKER_00,1647.699976,1649.899939,2.2,success,酒場、すてきな作品でしたね、皆さん。,success,酒場すてきな作品でしたね皆さん。,False,18,16,-2
,032_ybs_13584061_20260712053000_seg_00171,032_ybs_13584061_20260712053000,SPEAKER_00,1652.499902,1654.699927,2.2,success,歌っていただいてお母さんの。,success,歌っていただいてお母さんの。,True,14,14,0
,032_ybs_13584061_20260712053000_seg_00172,032_ybs_13584061_20260712053000,SPEAKER_00,1656.33999,1659.019934,2.68,success,発表会にぜひね、チャレンジしていただきたいですね。,success,評価にぜひねチャレンジしていただきたいですね。,False,25,23,-2
,032_ybs_13584061_20260712053000_seg_00173,032_ybs_13584061_20260712053000,SPEAKER_00,1660.659937,1663.339941,2.68,success,さんのホームページに載ってるということなのでね。,success,皆さんのホームページに載ってるということなのでね。,False,24,25,1
,032_ybs_13584061_20260712053000_seg_00174,032_ybs_13584061_20260712053000,SPEAKER_00,1665.6,1674.859961,9.26,success,さあこの番組ではですね皆様からのリクエストや各コーナーへのメッセージを募集しています。,success,さあこの番組ではですね皆様からのリクエストや各コーナーへのメッセージを募集しています。,True,43,43,0
,032_ybs_13584061_20260712053000_seg_00175,032_ybs_13584061_20260712053000,SPEAKER_00,1676.019922,1688.779944,12.76,success,マークすばらじcometsukoマークsubarabicom悦子マークすばらしいcomです。,success,アットマークすばらしいcometsukomakesubaradicom悦子マーク素晴らしいcomです。,False,46,51,5
,032_ybs_13584061_20260712053000_seg_00176,032_ybs_13584061_20260712053000,SPEAKER_00,1691.859949,1694.059912,2.2,success,節子のあなたと1800番。,success,今日は節子のあなたと1800番。,False,13,16,3
,032_ybs_13584061_20260712053000_seg_00177,032_ybs_13584061_20260712053000,SPEAKER_00,1695.219934,1699.339941,4.12,success,今日のお相手は島津悦子でしたではまた来週!,success,そのお相手は島津悦子でしたではまた来週!,False,21,20,-1
,032_ybs_13584061_20260712053000_seg_00178,032_ybs_13584061_20260712053000,SPEAKER_02,1741.84,1743.499976,1.66,success,ラジコン推進キャラクター。,success,ラジコ推進キャラクター。,False,13,12,-1
,032_ybs_13584061_20260712053000_seg_00179,032_ybs_13584061_20260712053000,SPEAKER_02,1751.92,1753.579932,1.66,success,ぜひ読んでもらえますように。,success,ぜひ読んでもらえますように。,True,14,14,0
,032_ybs_13584061_20260712053000_seg_00180,032_ybs_13584061_20260712053000,SPEAKER_02,1755.28,1758.859961,3.58,success,bsラジオ無料アプリラジオで聴いてね!,success,bsラジオ無料アプリラジオで聴いてね!,True,19,19,0
,032_ybs_13584061_20260712053000_seg_00181,032_ybs_13584061_20260712053000,SPEAKER_03,1786.48,1787.36,0.88,success,思い出の夏の味。,success,思い出の夏の歌。,False,8,8,0
,032_ybs_13584061_20260712053000_seg_00182,032_ybs_13584061_20260712053000,SPEAKER_02,1794.16,1796.779944,2.62,success,ラストスペシャルは7月20日です。,success,ラストスペシャルは7月20日です。,True,17,17,0
,032_ybs_13584061_20260712053000_seg_00183,032_ybs_13584061_20260712053000,SPEAKER_02,1798.96,1799.68,0.72,success,見てください!,success,見てください。,False,7,7,0
