segment_index,segment_id,target_id,speaker,start_sec,end_sec,duration_sec,parakeet_exact_status,parakeet_exact_text,parakeet_context2_status,parakeet_context2_text,texts_match,exact_chars,context2_chars,char_diff
,004_rfc_13550957_20260711175000_seg_00000,004_rfc_13550957_20260711175000,SPEAKER_00,1.28,3.44,2.16,success,血のつぶて。,success,篠津ぶて。,False,6,5,-1
,004_rfc_13550957_20260711175000_seg_00001,004_rfc_13550957_20260711175000,SPEAKER_00,3.76,6.86,3.1,success,和合良一のアクションポイジー。,success,和合亮一のアクションポエジー。,False,15,15,0
,004_rfc_13550957_20260711175000_seg_00002,004_rfc_13550957_20260711175000,SPEAKER_01,9.04,11.2,2.16,success,こんばんは、和合良一です。,success,こんばんは、和合良一です。,True,13,13,0
,004_rfc_13550957_20260711175000_seg_00003,004_rfc_13550957_20260711175000,SPEAKER_00,11.2,13.12,1.92,success,アシスタントの山路美沙子です。,success,アシスタントの山路美沙子です。,True,15,15,0
,004_rfc_13550957_20260711175000_seg_00004,004_rfc_13550957_20260711175000,SPEAKER_00,14.56,17.12,2.56,success,五郎さん、きょうは電話での収録、きょうは。,success,今日は電話での収録今日は電話?,False,21,15,-6
,004_rfc_13550957_20260711175000_seg_00005,004_rfc_13550957_20260711175000,SPEAKER_01,18.56,25.2,6.64,success,福島市の山口にあります、自宅第2スタジオからお届けさせていただいております。,success,きょうはどちらにいらっしゃるん福島市の山口にあります、自宅、第2スタジオからお届けさせていただいております。,False,38,54,16
,004_rfc_13550957_20260711175000_seg_00006,004_rfc_13550957_20260711175000,SPEAKER_00,25.44,26.64,1.2,success,和合さん。,success,させていただいております。,False,5,13,8
,004_rfc_13550957_20260711175000_seg_00007,004_rfc_13550957_20260711175000,SPEAKER_00,27.36,30.48,3.12,success,小説の出版おめでとうございます。,success,宇和合さん小説の出版おめでとうございます。,False,16,21,5
,004_rfc_13550957_20260711175000_seg_00008,004_rfc_13550957_20260711175000,SPEAKER_01,30.56,33.76,3.2,success,あの、まだ出発までは行ってない。,success,あの、まだ出版までは行ってない。,False,16,16,0
,004_rfc_13550957_20260711175000_seg_00009,004_rfc_13550957_20260711175000,SPEAKER_01,35.84,58.72,22.88,success,雑誌に発表したということで、川出書ぼしんしゃで発行しています、スピンという、大変人気のある雑誌なんですけれども、その雑誌に今回、このスピンというのも非常に変わっておりまして、16号を目標に、文藝というもともと雑誌がありますよね。,success,そうですね、雑誌に発表したということで、河出書房新社で発行しています、スピンという、大変人気のある雑誌なんですけれども、その雑誌に今回、このスピンというのも非常に変わっておりまして、16号を目標に、文藝というもともと雑誌がありますよね。,False,114,118,4
,004_rfc_13550957_20260711175000_seg_00010,004_rfc_13550957_20260711175000,SPEAKER_01,59.52,63.68,4.16,success,その文芸の別冊と同伴号という形で。,success,雑誌にありますよね、その文芸の別冊と同伴号という形で。,False,17,27,10
,004_rfc_13550957_20260711175000_seg_00011,004_rfc_13550957_20260711175000,SPEAKER_01,64.24,78.56,14.32,success,16号まで最初から出すというふうな、そういう掛け声の下に、ずっと続いていたもので、なんと値段が330円という。,success,3号という形で、16号まで最初から出すというふうな、そういう掛け声の下に、ずっと続いていたもので、なんと値段がですね、330円という。,False,55,67,12
,004_rfc_13550957_20260711175000_seg_00012,004_rfc_13550957_20260711175000,SPEAKER_01,79.84,102.16,22.32,success,普通、文芸誌だとね、1000円、2000円ぐらいになるんですけど、これは330円という定価で、かなりたくさんの方に手に取っていただいている雑誌なんですね、その最終号に今回、小説を掲載させていただきまして、分量で大体80枚。,success,普通、文芸誌だとね、1000円、2000円ぐらいになるんですけど、これは330円という定価で、かなりたくさんの方に手に取っていただいている雑誌なんですね、その最終号に今回、小説を掲載させていただきまして、分量で大体80枚。,True,111,111,0
,004_rfc_13550957_20260711175000_seg_00013,004_rfc_13550957_20260711175000,SPEAKER_01,102.8,103.68,0.88,success,原稿用紙。,success,大体80枚、原稿用紙。,False,5,11,6
,004_rfc_13550957_20260711175000_seg_00014,004_rfc_13550957_20260711175000,SPEAKER_01,104.08,125.44,21.36,success,なんですけど、小説を、もともと編集長のおがたりたろうさんという、昔からお世話になってる方なんですが、私、今、57なんですけど、還暦になりましたら小説を書こうと、実は。,success,原稿用紙なんですけど、小説を、もともと編集長のおがたりたろうさんという、昔からお世話になってる方なんですが、私、今57なんですけど、還暦になりましたら小説を書こうと、実は。,False,83,86,3
,004_rfc_13550957_20260711175000_seg_00015,004_rfc_13550957_20260711175000,SPEAKER_01,126.0,179.44,53.44,success,思っていて、勝手に、誰に言ったこともないし、誰からも言われたことないんですけど、勝手に、60、つまり還暦過ぎたら、人生経験もかなり豊富になるし、小説を書き始めてみようかなと、この詩人のラジオでもね、短歌を書かせて頂いたことについて、前、お話しさせていただいたんですけど、短歌もある意味、新しい挑戦になるかもしれませんが、今回の小説というのも、それと同じく、新しい挑戦ということで、それを60ですから、還暦ですから、3年後ぐらいに目標してたんですけど、その練習も兼ねて、緒方龍太郎さん、編集長さんに見せて、勉強会を2人でしてたんですね。,success,小説を書こうと、実は思っていて、勝手に、誰に言ったこともないし、誰からも言われたことないんですけど、勝手に60、つまり還暦過ぎたら、人生経験もかなり豊富になるし、小説を書き始めてみようかなと、この詩人のラジオでもね、短歌を書かせて頂いたことについて、前、お話しさせていただいたんですけど、短歌もある意味、新しい挑戦になるかもしれませんが、今回の小説というのも、それと同じく、新しい挑戦ということで、それを60ですから、還暦ですから、3年後ぐらいに目標してたんですけど、その練習も兼ねて、緒方龍太郎さん、編集長さんに見せて、勉強会を2人でしてたんですね。,False,267,276,9
,004_rfc_13550957_20260711175000_seg_00016,004_rfc_13550957_20260711175000,SPEAKER_01,180.32,184.32,4.0,success,そうしましたら、いや、もうワゴン車、載せちゃいましょうみたいな。,success,2人でしてたんですね、そうしましたら、いや、もうワンゴンさん、載せちゃいましょうみたいな。,False,32,45,13
,004_rfc_13550957_20260711175000_seg_00017,004_rfc_13550957_20260711175000,SPEAKER_01,184.56,194.8,10.24,success,形でね、お話をくださって、それで何回かやり取りして、今回、掲載という形になりました。,success,載せちゃいましょうみたいな形でね、お話をくださって、それで何回かやり取りして、今回、掲載という形になりました。,False,42,55,13
,004_rfc_13550957_20260711175000_seg_00018,004_rfc_13550957_20260711175000,SPEAKER_00,194.8,195.92,1.12,success,うわ。,success,再という形になりました。,False,3,12,9
,004_rfc_13550957_20260711175000_seg_00019,004_rfc_13550957_20260711175000,SPEAKER_00,196.72,199.2,2.48,success,手に取った時ってどんな気持ちなんですか?,success,うわー、手に取ったときって、どんな気持ちなんですか?,False,20,26,6
,004_rfc_13550957_20260711175000_seg_00020,004_rfc_13550957_20260711175000,SPEAKER_01,199.44,227.84,28.4,success,やっぱりね、詩やエッセーはね、たくさん書かせていただいていて、それでだいぶこの30年の間、30年のほういったのかな、20歳ぐらいからずっと書き続けてきて、三十数年の間ね、ずっと掲載ということを前提に書いてきたんですけど、小説の掲載っていうのは初めてだったんで。,success,聞いて、どんな気持ちなんでいやー、やっぱりね、詩やエッセーはね、たくさん書かせていただいていて、それでだいぶこの30年の間、30年のほういったのかな、20歳ぐらいからずっと書き続けてきて、三十数年の間ね、ずっと掲載ということを前提に書いてきたんですけど、小説の掲載っていうのは初めてだったんで。,False,130,147,17
,004_rfc_13550957_20260711175000_seg_00021,004_rfc_13550957_20260711175000,SPEAKER_01,228.48,232.8,4.32,success,自分が書いた詩が雑誌に載ったときに。,success,初めてだったんで、自分が書いた詩が雑誌に載ったときに。,False,18,27,9
,004_rfc_13550957_20260711175000_seg_00022,004_rfc_13550957_20260711175000,SPEAKER_01,233.28,236.4,3.12,success,うれしくて、朝まで寝られなかったことあるんですよね。,success,雑誌に載ったときに、うれしくて、朝まで寝られなかったことあるんですよね。,False,26,36,10
,004_rfc_13550957_20260711175000_seg_00023,004_rfc_13550957_20260711175000,SPEAKER_01,237.44,239.92,2.48,success,なんか朝までもうれしくて眠れなくて、興奮しちゃって。,success,会ったことあるんですよね、なんか朝までもうれしくて眠れなくて、興奮しちゃって。,False,26,39,13
,004_rfc_13550957_20260711175000_seg_00024,004_rfc_13550957_20260711175000,SPEAKER_01,240.72,243.36,2.64,success,なんかそれをね、久しぶりに味わいましたね。,success,興奮しちゃって、なんかそれをね、久しぶりに味わいましたね。,False,21,29,8
,004_rfc_13550957_20260711175000_seg_00025,004_rfc_13550957_20260711175000,SPEAKER_01,244.88,255.52,10.64,success,雑誌が届いて、開いて、読み直し、自分なりにしてみたときに、なんか初めて、何かこう、翼を得たような。,success,冊子が届いて、開いて、読み直し、自分なりにしてみたときに、なんか初めて、何かこう、翼を得たような。,False,49,49,0
,004_rfc_13550957_20260711175000_seg_00026,004_rfc_13550957_20260711175000,SPEAKER_01,256.24,271.76,15.52,success,そんな印象を持ちまして、この小説がどんなふうに、初小説ですけど、初めての1作目となりますかね、この小説がどんなふうに手に取っていただけるかは、まだ未知数なんですけど。,success,翼を得たような、そんな印象を持ちまして、この小説がどんなふうに、初小説ですけど、初めての1作目となりますかね、この小説がどんなふうに手に取っていただけるかは、まだ未知数なんですけど。,False,83,91,8
,004_rfc_13550957_20260711175000_seg_00027,004_rfc_13550957_20260711175000,SPEAKER_01,272.0,284.88,12.88,success,とりあえず最初の目標はクリアできたかなという、つまり小説を書き上げるということと、それと発表するということと、その目標はクリアできたかなと。,success,まだ未知数なんですけど、とりあえず最初の目標はクリアできたかなという、つまり小説を書き上げるということと、それと発表するということと、その目標はクリアできたかなと。,False,70,82,12
,004_rfc_13550957_20260711175000_seg_00028,004_rfc_13550957_20260711175000,SPEAKER_01,285.36,291.52,6.16,success,ちょっと大げさなんですけどね、そこはかなえられたかなと思いました。,success,できたかな、ちょっと大げさなんですけどね、そこはかなえられたかなと思いました。,False,33,39,6
,004_rfc_13550957_20260711175000_seg_00029,004_rfc_13550957_20260711175000,SPEAKER_00,291.6,293.04,1.44,success,タイトルが。,success,タイトルが。,True,6,6,0
,004_rfc_13550957_20260711175000_seg_00030,004_rfc_13550957_20260711175000,SPEAKER_00,293.44,296.24,2.8,success,句は猛烈に夜中に。,success,タイトルがノックワーモーレツに夜中に。,False,9,19,10
,004_rfc_13550957_20260711175000_seg_00031,004_rfc_13550957_20260711175000,SPEAKER_01,296.8,306.0,9.2,success,そうですね、なんか、山下が非常に情報を収集してくださって、大変ありがたく思うんですけどね。,success,そうですね、なんか、山下が非常に情報を収集してくださって、大変ありがたく思うんですけどね。,True,45,45,0
,004_rfc_13550957_20260711175000_seg_00032,004_rfc_13550957_20260711175000,SPEAKER_01,306.4,309.76,3.36,success,ノックは夜中にっていう面アットワークの。,success,思うんですけどね、ノックは夜中にっていう、メンアットワークの。,False,20,31,11
,004_rfc_13550957_20260711175000_seg_00033,004_rfc_13550957_20260711175000,SPEAKER_01,310.08,319.04,8.96,success,その当時のヒット曲がありまして、1982年の、私が高校1年生ぐらいのときのヒット曲なんですけど。,success,麺アットワークのその当時のヒット曲がありまして、1982年の、私が高校1年生ぐらいのときのヒット曲なんですけど。,False,48,56,8
,004_rfc_13550957_20260711175000_seg_00034,004_rfc_13550957_20260711175000,SPEAKER_01,319.28,329.12,9.84,success,その曲のタイトルを借りましてノックは猛烈に夜中にというタイトルになっております。,success,ヒット曲なんですけど、その曲のタイトルを借りまして、ノックはモーレツに、夜中にというタイトルになっております。,False,40,55,15
,004_rfc_13550957_20260711175000_seg_00035,004_rfc_13550957_20260711175000,SPEAKER_01,329.84,335.28,5.44,success,これはわれわれ世代の方には、懐かしい曲だなと思って。,success,これはわれわれ世代の方には、懐かしい曲だなと思って。,True,26,26,0
,004_rfc_13550957_20260711175000_seg_00036,004_rfc_13550957_20260711175000,SPEAKER_01,335.52,338.08,2.56,success,頂けるかなと思うんですけどもね。,success,いい曲だなと思っていただけるかなと思うんですけどもね。,False,16,27,11
,004_rfc_13550957_20260711175000_seg_00037,004_rfc_13550957_20260711175000,SPEAKER_01,338.88,348.88,10.0,success,その曲のイメージがすごく最初にあって、それで小説を書いたという流れになってますかね。,success,その曲のイメージがすごく最初にあってそれで小説を書いたという流れになってますかね。,False,42,41,-1
,004_rfc_13550957_20260711175000_seg_00038,004_rfc_13550957_20260711175000,SPEAKER_00,349.28,355.36,6.08,success,モチーフにしたのが三月記だって和合さんご自身でツイッターで書いてらっしゃいますけど。,success,モチーフにしたのが三月記だって、和合さん、ご自身でツイッターで書いてらっしゃいますけど。,False,42,44,2
,004_rfc_13550957_20260711175000_seg_00039,004_rfc_13550957_20260711175000,SPEAKER_01,355.52,370.0,14.48,success,そうですね、中島篤の名作の山月記なんですけど、これが私にとっては一番の小説、影響を受けた小説といったらいいか、大好きな小説なんですよね。,success,ツイッターで書いてらっしゃいまそうですね、中島篤の名作の山月記なんですけど、これが私にとっては一番の小説、影響を受けた小説といったらいいか、大好きな小説なんですよね。,False,68,83,15
,004_rfc_13550957_20260711175000_seg_00040,004_rfc_13550957_20260711175000,SPEAKER_01,371.04,374.64,3.6,success,まず事業で取り上げるんですよ、非常にね。,success,小説なんですよね、なに、まず授業で取り上げるんですよ、非常にね。,False,20,32,12
,004_rfc_13550957_20260711175000_seg_00041,004_rfc_13550957_20260711175000,SPEAKER_00,375.6,376.72,1.12,success,ようでしたっけ?,success,あれ、高校の授業でしたっけ?,False,8,14,6
,004_rfc_13550957_20260711175000_seg_00042,004_rfc_13550957_20260711175000,SPEAKER_01,376.96,388.8,11.84,success,そうなんです、この高校の授業で多く取り上げられる小説の、近代小説の、もう名作中の名作なんですけど、これを毎年のように授業でやってるので。,success,そうなんです、この高校の授業で多く取り上げられる小説の、近代小説の、もう名作中の名作なんですけど、これを毎年のように授業でやってるので。,True,68,68,0
,004_rfc_13550957_20260711175000_seg_00043,004_rfc_13550957_20260711175000,SPEAKER_01,389.04,397.52,8.48,success,三十数年、これも教員やりながら、授業やりながら、そのつど、新しい発見のある教材なんですよね。,success,授業でやってるので、三十数年、これも教員やりながら、授業やりながら、そのつど、新しい発見のある教材なんですよね。,False,46,56,10
,004_rfc_13550957_20260711175000_seg_00044,004_rfc_13550957_20260711175000,SPEAKER_01,398.24,407.84,9.6,success,それで、詩人になり損ねた李朝という主人公が、詩人になり損ねて、虎になってしまうという。,success,それで詩人になり損ねた李朝という主人公が詩人になり損ねて虎になってしまうという。,False,43,40,-3
,004_rfc_13550957_20260711175000_seg_00045,004_rfc_13550957_20260711175000,SPEAKER_01,408.72,413.04,4.32,success,そういうお話なんですけれども、それがとても大好きで。,success,場になってしまうという、そういうお話なんですけれども、それがとても大好きで。,False,26,38,12
,004_rfc_13550957_20260711175000_seg_00046,004_rfc_13550957_20260711175000,SPEAKER_01,413.92,430.48,16.56,success,黒板に詩人になり損ねた李朝は?とかって書いたりすると、詩人になり損ねたっていうロゴを書くときに、なんか力が入ったりして、必要以上に、なんか身につまされる小説なんですけど、その小説からスタートしようと思って。,success,とても大好きで、黒板に詩人になり損ねた李朝は?とかって書いたりすると、詩人になり損ねたっていうブログを書くときに、なんか力が入ったりして、必要以上に、なんか身につまされる小説なんですけど、その小説からスタートしようと思って。,False,103,112,9
,004_rfc_13550957_20260711175000_seg_00047,004_rfc_13550957_20260711175000,SPEAKER_01,430.96,441.2,10.24,success,私もずっと実はですね、20歳のころに何かを書きたいと思って、それで一番最初に目指そうと思ったのが、実は小説なんですよね。,success,スタートしようと思って、私もずっと実はですね、20歳のころに何かを書きたいと思って、それで一番最初に目指そうと思ったのが、実は小説なんですよね。,False,60,72,12
,004_rfc_13550957_20260711175000_seg_00048,004_rfc_13550957_20260711175000,SPEAKER_00,441.36,442.88,1.52,success,そうだったんですか。,success,出そうと思ったのが、実は小説なんでそうだったんですか。,False,10,27,17
,004_rfc_13550957_20260711175000_seg_00049,004_rfc_13550957_20260711175000,SPEAKER_01,443.12,453.68,10.56,success,意外ですよね、あんまりいろんな人に話したことないんですけど、一番最初、挑戦してみようと思ったのは、実は小説だったんですね。,success,意外ですよね、あんまりいろんな人に話したことないんですけど、一番最初、挑戦してみようと思ったのは、実は小説だったんですね。,True,61,61,0
,004_rfc_13550957_20260711175000_seg_00050,004_rfc_13550957_20260711175000,SPEAKER_01,454.64,461.68,7.04,success,それで小説よりも、でも詩のほうが、やっぱり青春の文学というか、書けたんですよね。,success,それで小説よりもでも詩のほうがやっぱりこう青春の文学というか書けたんですよね。,False,40,39,-1
,004_rfc_13550957_20260711175000_seg_00051,004_rfc_13550957_20260711175000,SPEAKER_01,462.0,486.379996,24.38,success,それで詩を書いて、当時見ていただいてた井上光晴さんという作家の方に、それをお見せしたところ、このまま詩を書いていくといいんじゃないかという話を頂いて、それでもう有頂天になってしまって、それで小説を書くというのをなんか傍らに置いたまま、三十数年たった。,success,小説文学というか、書けたんですよね、それで詩を書いて、当時見ていただいてたいのうえみつはるさんという作家の方に、それをお見せしたところ、このまま詩を書いていくといいんじゃないかっていう話を頂いて、それでもう有頂天になってしまって、それで小説を書くというのをなんか傍らに置いたまま、三十数年たった。,False,125,148,23
,004_rfc_13550957_20260711175000_seg_00052,004_rfc_13550957_20260711175000,SPEAKER_01,488.980005,493.580008,4.6,success,原点に帰ってみたいなという思いもあって、小説を書き始めてみたしだいです。,success,原点に返ってみたいなという思いもあって、小説を書き始めてみたしだいです。,False,36,36,0
,004_rfc_13550957_20260711175000_seg_00053,004_rfc_13550957_20260711175000,SPEAKER_00,497.92,499.819998,1.9,success,スピン16号。,success,スピン16号。,True,7,7,0
,004_rfc_13550957_20260711175000_seg_00054,004_rfc_13550957_20260711175000,SPEAKER_01,502.0,504.620001,2.62,success,全国の書店で並んで。,success,全国の書店で習った。,False,10,10,0
,004_rfc_13550957_20260711175000_seg_00055,004_rfc_13550957_20260711175000,SPEAKER_01,505.84,515.44,9.6,success,定価が安いというのが、人気の一つでもあるみたいなので、ぜひ手に取っていただいて、どしどし感想を頂けたらうれしいです。,success,定価が安いというのが、人気の一つでもあるみたいなので、ぜひ手に取っていただいて、どしどし感想を頂けたらうれしいです。,True,58,58,0
,004_rfc_13550957_20260711175000_seg_00056,004_rfc_13550957_20260711175000,SPEAKER_00,515.84,517.52,1.68,success,馬合さんありがとうございました。,success,そういただけたらうれしいで和合さんありがとうございました。,False,16,29,13
,004_rfc_13550957_20260711175000_seg_00057,004_rfc_13550957_20260711175000,SPEAKER_01,517.76,519.019965,1.26,success,ありがとうございました。,success,和合さんありがとうございました。,False,12,16,4
,004_rfc_13550957_20260711175000_seg_00058,004_rfc_13550957_20260711175000,SPEAKER_02,546.64,547.339972,0.7,success,クラシックバレエ。,success,クラシックバレエ。,True,9,9,0
,004_rfc_13550957_20260711175000_seg_00059,004_rfc_13550957_20260711175000,SPEAKER_03,572.08,573.739966,1.66,success,店内の園児や番組パーソナリティー。,success,県内の園児や番組パーソナリティーも。,False,17,18,1
,004_rfc_13550957_20260711175000_seg_00060,004_rfc_13550957_20260711175000,SPEAKER_03,580.72,581.899969,1.18,success,蹴る企業団体を巡る。,success,働ける企業団体も。,False,10,9,-1
,004_rfc_13550957_20260711175000_seg_00061,004_rfc_13550957_20260711175000,SPEAKER_03,595.12,595.819983,0.7,success,など詳しく。,success,など詳しく。,True,6,6,0
